Noeud depart;Noeud arrive;Ligne ouverte?;R;X;Imax
1;2;0;0.0278;0.0139;309.375
2;3;0;0.252670139;0.28735;305.0
3;4;0;0.09425119375;0.1071875;305.0
4;5;0;0.22656348;0.102375;177.0
5;6;0;0.25542147375;0.2025625;238.0
6;7;0;0.24687084825;0.1409625;195.0
7;8;0;0.00275;0.001375;309.375
8;9;0;0.22739682825;0.1803375;238.0
8;10;0;0.08375;0.041875;309.375
10;11;0;0.04269896775;0.0338625;238.0
11;12;0;0.26822013075;0.2127125;238.0
