Noeud depart;Noeud arrivee;Ligne ouverte?;R(pu);X(pu);Imax (A)
11;10;0;0.5665;0.275;230
10;5;0;0.5665;0.275;230
5;2;0;0.660646849685973;0.320702354216492;230
2;9;1;0.5665;0.275;230
9;6;0;0.480691189850615;0.233345237791561;230
6;8;0;0.5665;0.275;230
8;7;0;0.506693003701452;0.245967477524977;230
7;3;0;0.5665;0.275;230
3;12;0;0.5665;0.275;230
11;1;0;0.506693003701452;0.245967477524977;230
1;4;1;0.5665;0.275;230
4;12;0;0.660646849685973;0.320702354216492;230
