Noeud depart;Noeud arrivee;Ligne ouverte?;R(pu);X(pu);Imax (A)
7;1;0;0.5665;0.275;230
1;4;0;0.1;0.1;400
4;2;1;0.1;0.1;400
2;8;0;0.660646849685973;0.320702354216492;230
7;3;0;0.5665;0.275;230
3;5;1;0.1;0.1;400
5;6;0;0.506693003701452;0.245967477524977;230
6;8;0;0.5665;0.275;230
