Noeud depart;Noeud arrivee;Ligne ouverte?;R(pu);X(pu);Imax(A)
11;5;0;0.5665;0.275;230
5;9;0;0.5665;0.275;230
9;6;0;0.660646849685973;0.320702354216492;230
6;8;1;0.5665;0.275;230
8;7;0;0.480691189850615;0.233345237791561;230
7;3;0;0.5665;0.275;230
3;12;0;0.506693003701452;0.245967477524977;230
11;2;0;0.5665;0.275;230
2;10;1;0.5665;0.275;230
10;4;0;0.506693003701452;0.245967477524977;230
4;1;0;0.5665;0.275;230
1;12;0;0.660646849685973;0.320702354216492;230
